WHO Region,Active_Ratio
Africa,0.993533215755438
Americas,0.9231997801782617
Eastern Mediterranean,0.9406528189910979
Europe,0.9775071455200696
South-East Asia,1.0
Western Pacific,0.8225806451612904
